nDCG,Recall,collection,count
"[0.33654, 0.29612, 0.32632, 0.38075]","[0.12115, 0.26743, 0.35851, 0.48791]",mt-rag-clapnq-elser-512-100-20240503,208
"[0.21277, 0.20314, 0.22812, 0.25447]","[0.10496, 0.20009, 0.2578, 0.31948]",mt-rag-ibmcloud-elser-512-100-20240502,188
"[0.199, 0.20999, 0.23815, 0.27752]","[0.0893, 0.20954, 0.27471, 0.36388]",mt-rag-govt-elser-512-100-20240611,201
"[0.19444, 0.17918, 0.19372, 0.22746]","[0.08185, 0.16302, 0.20575, 0.28724]",mt-rag-fiqa-beir-elser-512-100-20240501,180
"[0.23809431145431145, 0.22425182754182751, 0.24903329472329475, 0.2879802831402832]","[0.09988929214929215, 0.21197361647361646, 0.2770761776061776, 0.36858507078507075]",all,777
